/* 
 * To change this license header, choose License Headers in Project Properties.
 * To change this template file, choose Tools | Templates
 * and open the template in the editor.
 */
/**
 * Author:  jerrychen
 * Created: Oct 1, 2017
 */
--bankuser
INSERT INTO FIT5042.BANKUSER (USER_ID, USER_TYPE, ADDRESS, EMAIL, FIRST_NAME, LAST_NAME, PASSWORD, PHONE_NO, USERNAME) 
	VALUES (19127, 'public_member', '24 Victoria st', 'eqe@234.com', 'James', 'Bond', '02850FEB88CEBD5C993253915822E51715BDCB36EE89A4F403C0C709271A2165', '91234567', 'publicmember1');
INSERT INTO FIT5042.BANKUSER (USER_ID, USER_TYPE, ADDRESS, EMAIL, FIRST_NAME, LAST_NAME, PASSWORD, PHONE_NO, USERNAME) 
	VALUES (24351, 'public_member', '123 6th St.  Melbourne, FL 32904', 'asf@a341.com', 'Elvira', 'Brooks', '0804EDE6277AF58B3673083CDDD8A68DDAD4D696885C84BAD4040EE6822E0DB5', '97654321', 'publicmember2');
INSERT INTO FIT5042.BANKUSER (USER_ID, USER_TYPE, ADDRESS, EMAIL, FIRST_NAME, LAST_NAME, PASSWORD, PHONE_NO, USERNAME) 
	VALUES (36421, 'bank_worker', '4 Goldfield Rd.  Honolulu, HI 96815', 'b21@dsfsdf213.com', 'Lynne', 'Wells', 'D1D35EE0156F41A06A4BFD6F28220C0A2950179AA438C1AB3A96EC0E26BC33F6', '0123456789', 'bankworker1');

--account
INSERT INTO FIT5042.ACCOUNT (ACCOUNT_ID, BALANCE, CARD_NO, USER_ID) 
	VALUES (1, 2181.0, 123456, 19127);
INSERT INTO FIT5042.ACCOUNT (ACCOUNT_ID, BALANCE, CARD_NO, USER_ID) 
	VALUES (2, 2308.0, 111112, 19127);
INSERT INTO FIT5042.ACCOUNT (ACCOUNT_ID, BALANCE, CARD_NO, USER_ID) 
	VALUES (34, 6177.0, 222222, 24351);

--bank_trans
INSERT INTO FIT5042.BANK_TRANS (TRANS_NO, DESCRIPTION, TRANS_NAME, TRANS_TYPE, USER_ID) 
	VALUES (41651, 'Withdraw $432.0 from card No: 111112', 'Withdraw Money', 'Withdraw', 19127);
INSERT INTO FIT5042.BANK_TRANS (TRANS_NO, DESCRIPTION, TRANS_NAME, TRANS_TYPE, USER_ID) 
	VALUES (41652, 'Withdraw $341.0 from card No: 111112', 'Withdraw Money', 'Withdraw', 19127);
INSERT INTO FIT5042.BANK_TRANS (TRANS_NO, DESCRIPTION, TRANS_NAME, TRANS_TYPE, USER_ID) 
	VALUES (41653, 'Card No.111112 transfers $1111.0 to card No.123456', 'Transfer Money', 'Transfer', 19127);
INSERT INTO FIT5042.BANK_TRANS (TRANS_NO, DESCRIPTION, TRANS_NAME, TRANS_TYPE, USER_ID) 
	VALUES (41654, 'Card No.111112 transfers $1111.0 to card No.111112', 'Transfer Money', 'Transfer', 19127);
INSERT INTO FIT5042.BANK_TRANS (TRANS_NO, DESCRIPTION, TRANS_NAME, TRANS_TYPE, USER_ID) 
	VALUES (41655, 'Card No.111112 transfers $1111.0 to card No.111112', 'Transfer Money', 'Transfer', 19127);
INSERT INTO FIT5042.BANK_TRANS (TRANS_NO, DESCRIPTION, TRANS_NAME, TRANS_TYPE, USER_ID) 
	VALUES (41751, 'Card No.123456 transfers $1234.0 to card No.111112', 'Transfer Money', 'Transfer', 19127);
INSERT INTO FIT5042.BANK_TRANS (TRANS_NO, DESCRIPTION, TRANS_NAME, TRANS_TYPE, USER_ID) 
	VALUES (41752, 'Card No.111112 transfers $1234.0 to card No.123456', 'Transfer Money', 'Transfer', 19127);
INSERT INTO FIT5042.BANK_TRANS (TRANS_NO, DESCRIPTION, TRANS_NAME, TRANS_TYPE, USER_ID) 
	VALUES (42151, 'Deposit $123.0 into card No: 222222', 'Deposit Money', 'Deposit', 24351);
INSERT INTO FIT5042.BANK_TRANS (TRANS_NO, DESCRIPTION, TRANS_NAME, TRANS_TYPE, USER_ID) 
	VALUES (42152, 'Card No.222222 transfers $435.0 to card No.111112', 'Transfer Money', 'Transfer', 24351);
INSERT INTO FIT5042.BANK_TRANS (TRANS_NO, DESCRIPTION, TRANS_NAME, TRANS_TYPE, USER_ID) 
	VALUES (47451, 'Withdraw $234.0 from card No: 123456', 'Withdraw Money', 'Withdraw', 19127);
INSERT INTO FIT5042.BANK_TRANS (TRANS_NO, DESCRIPTION, TRANS_NAME, TRANS_TYPE, USER_ID) 
	VALUES (47452, 'Card No.123456 transfers $12.0 to card No.111112', 'Transfer Money', 'Transfer', 19127);
INSERT INTO FIT5042.BANK_TRANS (TRANS_NO, DESCRIPTION, TRANS_NAME, TRANS_TYPE, USER_ID) 
	VALUES (47453, 'Withdraw $1239.0 from card No: 111112', 'Withdraw Money', 'Withdraw', 19127);
INSERT INTO FIT5042.BANK_TRANS (TRANS_NO, DESCRIPTION, TRANS_NAME, TRANS_TYPE, USER_ID) 
	VALUES (57651, 'Card No.123456 transfers $123.0 to card No.111112', 'Transfer Money', 'Transfer', 19127);
INSERT INTO FIT5042.BANK_TRANS (TRANS_NO, DESCRIPTION, TRANS_NAME, TRANS_TYPE, USER_ID) 
	VALUES (57652, 'Card No.123456 transfers $343.0 to card No.111112', 'Transfer Money', 'Transfer', 19127);
INSERT INTO FIT5042.BANK_TRANS (TRANS_NO, DESCRIPTION, TRANS_NAME, TRANS_TYPE, USER_ID) 
	VALUES (57653, 'Card No.123456 transfers $13.0 to card No.111112', 'Transfer Money', 'Transfer', 19127);
INSERT INTO FIT5042.BANK_TRANS (TRANS_NO, DESCRIPTION, TRANS_NAME, TRANS_TYPE, USER_ID) 
	VALUES (57654, 'Card No.123456 transfers $23.0 to card No.111112', 'Transfer Money', 'Transfer', 19127);
INSERT INTO FIT5042.BANK_TRANS (TRANS_NO, DESCRIPTION, TRANS_NAME, TRANS_TYPE, USER_ID) 
	VALUES (57655, 'Deposit $546.0 into card No: 123456', 'Deposit Money', 'Deposit', 19127);
INSERT INTO FIT5042.BANK_TRANS (TRANS_NO, DESCRIPTION, TRANS_NAME, TRANS_TYPE, USER_ID) 
	VALUES (57656, 'Withdraw $134.0 from card No: 123456', 'Withdraw Money', 'Withdraw', 19127);
INSERT INTO FIT5042.BANK_TRANS (TRANS_NO, DESCRIPTION, TRANS_NAME, TRANS_TYPE, USER_ID) 
	VALUES (64251, 'Withdraw $124.0 from card No: 111112', 'Withdraw Money', 'Withdraw', 19127);
INSERT INTO FIT5042.BANK_TRANS (TRANS_NO, DESCRIPTION, TRANS_NAME, TRANS_TYPE, USER_ID) 
	VALUES (64252, 'Deposit $146.0 into card No: 111112', 'Deposit Money', 'Deposit', 19127);

--activity
INSERT INTO FIT5042.ACTIVITY (ACTIVITY_ID, ACT_TYPE, DESCRIPTION, ACT_TIME, USER_ID) 
	VALUES (12152, 'add transaction type', 'bankworker1 add a new transaction type as newType', '2017-09-25 13:52:42.95', 36421);
INSERT INTO FIT5042.ACTIVITY (ACTIVITY_ID, ACT_TYPE, DESCRIPTION, ACT_TIME, USER_ID) 
	VALUES (12153, 'delete transaction type', 'bankworker1 remove the transaction type of newType', '2017-09-25 13:52:47.488', 36421);
INSERT INTO FIT5042.ACTIVITY (ACTIVITY_ID, ACT_TYPE, DESCRIPTION, ACT_TIME, USER_ID) 
	VALUES (13151, 'edit user', 'bankworker1 edit user sdfsdf', '2017-09-25 14:57:50.221', 36421);
INSERT INTO FIT5042.ACTIVITY (ACTIVITY_ID, ACT_TYPE, DESCRIPTION, ACT_TIME, USER_ID) 
	VALUES (13551, 'edit user', 'bankworker1 edit user (id=78651)', '2017-09-25 15:07:33.96', 36421);
INSERT INTO FIT5042.ACTIVITY (ACTIVITY_ID, ACT_TYPE, DESCRIPTION, ACT_TIME, USER_ID) 
	VALUES (13552, 'edit user', 'bankworker1 edit user (id=78651)', '2017-09-25 15:07:33.96', 36421);
INSERT INTO FIT5042.ACTIVITY (ACTIVITY_ID, ACT_TYPE, DESCRIPTION, ACT_TIME, USER_ID) 
	VALUES (13553, 'delete user', 'bankworker1 delete user (id=78651)', '2017-09-25 15:07:49.137', 36421);
INSERT INTO FIT5042.ACTIVITY (ACTIVITY_ID, ACT_TYPE, DESCRIPTION, ACT_TIME, USER_ID) 
	VALUES (13555, 'delete user', 'bankworker1 delete user (id=78651)', '2017-09-25 15:07:49.137', 36421);
INSERT INTO FIT5042.ACTIVITY (ACTIVITY_ID, ACT_TYPE, DESCRIPTION, ACT_TIME, USER_ID) 
	VALUES (13554, 'edit user', 'bankworker1 edit user (id=78651)', '2017-09-25 15:07:33.96', 36421);
INSERT INTO FIT5042.ACTIVITY (ACTIVITY_ID, ACT_TYPE, DESCRIPTION, ACT_TIME, USER_ID) 
	VALUES (13560, 'delete user', 'bankworker1 delete user (id=78851)', '2017-09-25 15:09:37.341', 36421);
INSERT INTO FIT5042.ACTIVITY (ACTIVITY_ID, ACT_TYPE, DESCRIPTION, ACT_TIME, USER_ID) 
	VALUES (13558, 'delete user', 'bankworker1 delete user (id=78651)', '2017-09-25 15:07:49.137', 36421);
INSERT INTO FIT5042.ACTIVITY (ACTIVITY_ID, ACT_TYPE, DESCRIPTION, ACT_TIME, USER_ID) 
	VALUES (13557, 'edit user', 'bankworker1 edit user (id=78651)', '2017-09-25 15:07:33.96', 36421);
INSERT INTO FIT5042.ACTIVITY (ACTIVITY_ID, ACT_TYPE, DESCRIPTION, ACT_TIME, USER_ID) 
	VALUES (13653, 'delete user', 'bankworker1 delete user (id=78951)', '2017-09-25 15:11:42.322', 36421);
INSERT INTO FIT5042.ACTIVITY (ACTIVITY_ID, ACT_TYPE, DESCRIPTION, ACT_TIME, USER_ID) 
	VALUES (13853, 'delete user', 'bankworker1 delete user (id=79151)', '2017-09-25 15:14:24.943', 36421);
INSERT INTO FIT5042.ACTIVITY (ACTIVITY_ID, ACT_TYPE, DESCRIPTION, ACT_TIME, USER_ID) 
	VALUES (14053, 'delete user', 'bankworker1 delete user (id=79351)', '2017-09-25 15:19:34.347', 36421);
INSERT INTO FIT5042.ACTIVITY (ACTIVITY_ID, ACT_TYPE, DESCRIPTION, ACT_TIME, USER_ID) 
	VALUES (14055, 'delete user', 'bankworker1 delete user (id=79351)', '2017-09-25 15:19:34.347', 36421);
INSERT INTO FIT5042.ACTIVITY (ACTIVITY_ID, ACT_TYPE, DESCRIPTION, ACT_TIME, USER_ID) 
	VALUES (14201, 'delete user', 'bankworker1 delete user (id=79352)', '2017-09-25 15:22:57.775', 36421);
INSERT INTO FIT5042.ACTIVITY (ACTIVITY_ID, ACT_TYPE, DESCRIPTION, ACT_TIME, USER_ID) 
	VALUES (14202, 'delete user', 'bankworker1 delete user (id=79352)', '2017-09-25 15:22:57.775', 36421);
INSERT INTO FIT5042.ACTIVITY (ACTIVITY_ID, ACT_TYPE, DESCRIPTION, ACT_TIME, USER_ID) 
	VALUES (16901, 'delete user', 'bankworker1 delete user (id=79501)', '2017-09-25 19:40:24.889', 36421);
INSERT INTO FIT5042.ACTIVITY (ACTIVITY_ID, ACT_TYPE, DESCRIPTION, ACT_TIME, USER_ID) 
	VALUES (17452, 'delete user', 'bankworker1 delete user (id=82701)', '2017-09-25 19:48:31.51', 36421);
INSERT INTO FIT5042.ACTIVITY (ACTIVITY_ID, ACT_TYPE, DESCRIPTION, ACT_TIME, USER_ID) 
	VALUES (17454, 'delete user', 'bankworker1 delete user (id=82701)', '2017-09-25 19:48:31.51', 36421);

--groups
CREATE TABLE GROUPS (ID BIGINT NOT NULL, USERNAME VARCHAR(150) NOT NULL, GROUPNAME VARCHAR(150) NOT NULL, PRIMARY KEY (ID));

create sequence GROUPS_SEQ
start with 1
increment by 1;

insert into GROUPS values(
NEXT VALUE FOR GROUPS_SEQ,
'publicmember1',
'publicmember'
);
insert into GROUPS values(
NEXT VALUE FOR GROUPS_SEQ,
'publicmember2',
'publicmember'
);
insert into GROUPS values(
NEXT VALUE FOR GROUPS_SEQ,
'bankworker1',
'bankworker'
);


